Premises Name,Certification Service Type,Service Types,Total Beds,Premises Website,Premises Address Other, Premises Address, Premises Address Suburb/Road, Premises Address Town/City, Premises Address Post Code, DHB Name,Certificate Name,Certification Period (Months),Certificate/License End Date,Current Auditor,Legal Name,Legal Entity Address Other, Legal Entity Address, Legal Entity Address Suburb/Road, Legal Entity Address Town/City, Legal Entity Address Post Code, Legal Entity Postal Address, Legal Entity Postal Address Suburb/Road, Legal Entity Postal Address Town/City, Legal Entity Postal Address Post Code, Legal Entity Website,
ABI Auckland Intensive,NGO Hospital,Medical,36,,,180 Metcalfe Road,,Ranui,0612,Waitemata District Health Board,ABI Rehabilitation New Zealand Limited,No change,22-9-2026,The DAA Group Limited,ABI Rehabilitation New Zealand Limited,,180 Metcalfe Road,,Auckland,0612,PO Box 70039,,Auckland,0655,,
ABI Wellington Intensive,NGO Hospital,Medical,26,,,8 Hospital Drive,Kenepuru,Porirua,5022,Capital and Coast District Health Board,ABI Rehabilitation New Zealand Limited,No change,22-9-2026,The DAA Group Limited,ABI Rehabilitation New Zealand Limited,,180 Metcalfe Road,,Auckland,0612,PO Box 70039,,Auckland,0655,,
Pumau Ki Te Aroha,NGO Hospital,"Sensory, Intellectual, Physical, Medical",24,,,10/200 Ohaupo Road,Glenview,Hamilton,3206,Waikato District Health Board,ABI Rehabilitation New Zealand Limited,No change,22-9-2026,The DAA Group Limited,ABI Rehabilitation New Zealand Limited,,180 Metcalfe Road,,Auckland,0612,PO Box 70039,,Auckland,0655,,
Anglesea Hospital,NGO Hospital,Surgical,17,http://www.angleseahospital.co.nz/,South Bloc,Knox Street,Hamilton Central,Hamilton,3204,Waikato District Health Board,Anglesea Hospital Limited - Anglesea Hospital,48,3-6-2029,BSI Group New Zealand Ltd,Anglesea Hospital Limited,Knox Clinic,Knox Street,,Hamilton,3204,PO Box 228,,Hamilton,3240,,
Arohanui Hospice Service Trust,NGO Hospital,Medical,10,http://www.arohanuihospice.org.nz/,Arohanui Hospice,1 Heretaunga Street,,Palmerston North,4414,MidCentral District Health Board,Arohanui Hospice Service Trust - Arohanui Hospice Service Trust,48,13-9-2029,The DAA Group Limited,Arohanui Hospice Service Trust,,1 Heretaunga Street,,Palmerston North,4414,PO Box 5349,,Palmerston North,4441,,
The Ashburn Clinic,NGO Hospital,Mental health,66,http://www.ashburn.co.nz,,496 Taieri Road,Halfway Bush,Dunedin,9010,Southern District Health Board,Ashburn Hall Charitable Trust - The Ashburn Clinic,No change,20-5-2026,The DAA Group Limited,Ashburn Hall Charitable Trust,,496 Taieri Road,,Dunedin,9010,Private Bag 1916,,Dunedin,9054,,
Belverdale Hospital,NGO Hospital,Surgical,15,,,5 Campbell Street,,Wanganui,4500,Whanganui District Health Board,Belverdale Hospital Limited - Belverdale Hospital,No change,23-7-2026,BSI Group New Zealand Ltd,Belverdale Hospital Limited,,5 Campbell Street,,Wanganui,4500,,,,,,
Bidwill Trust Hospital,NGO Hospital,Surgical,14,,,53 Elizabeth Street,Seaview,Timaru,7910,South Canterbury District Health Board,Bidwill Trust Hospital Foundation - Bidwill Trust Hospital,36,16-1-2027,BSI Group New Zealand Ltd,Bidwill Trust Hospital Foundation,,53 Elizabeth Street,,Timaru,7910,,,,,,
Birthcare Auckland,NGO Hospital,Maternity,45,,,20 Titoki Street,Parnell,Auckland,1052,Auckland District Health Board,Birthcare Auckland Limited - Birthcare Auckland,36,27-3-2027,BSI Group New Zealand Ltd,Birthcare Auckland Limited,,20 Titoki Street,,Auckland,1052,PO Box 99328,,Auckland,1149,,
Boulcott Hospital,NGO Hospital,Surgical,27,http://www.boulcotthospital.co.nz/,,666 High Street,Boulcott,Lower Hutt,5010,Hutt Valley District Health Board,Boulcott Pulse Health Limited - Boulcott Hospital,36,1-7-2027,The DAA Group Limited,Boulcott Pulse Health Limited,,666 High Street,,Lower Hutt,5010,PO Box 31459,,Lower Hutt,5040,https://boulcotthospital.co.nz,
Braemar Hospital,NGO Hospital,"Surgical, Medical",73,https://www.braemarhospital.co.nz,,28 Ohaupo Road,Hamilton Lake,Hamilton,3204,Waikato District Health Board,Braemar Hospital Limited - Braemar Hospital,48,23-7-2028,The DAA Group Limited,Braemar Hospital Limited,,24 Ohaupo Road,,Hamilton,3240,PO Box 972,,Hamilton 3240,3240,,
Dunstan Hospital,NGO Hospital,"Childrens health, Medical",28,,,Hospital Road,,Clyde,9391,Southern District Health Board,Central Otago Health Services Limited - Dunstan Hospital,36,14-9-2028,Central Region's Technical Advisory Services Limited,Central Otago Health Services Limited,,105 Mutton Town Road,,Clyde,9391,PO Box 30,,Clyde,9341,,
Winton Maternity Centre,NGO Hospital,Maternity,6,,,384 Great North Road,,Winton,9720,Southern District Health Board,Central Southland Hospital Charitable Trust Board - Winton Maternity Centre,36,21-10-2027,BSI Group New Zealand Ltd,Central Southland Hospital Charitable Trust Board,,384 Great North Road,,Winton,9720,PO Box 28,,Winton,9720,,
Clutha Health First,NGO Hospital,"Maternity, Medical",17,,,9 -11 Charlotte Street,,Balclutha,9230,Southern District Health Board,Clutha Community Health Company Limited - Clutha Health First,36,6-3-2027,Central Region's Technical Advisory Services Limited,Clutha Community Health Company Limited,,3 Charlotte Street,,Balclutha,9230,PO Box 46,,Balclutha 9240,9240,,
Crest Hospital ,NGO Hospital,"Surgical, Medical",39,,,21 Carroll Street,,Palmerston North,4410,MidCentral District Health Board,Crest Hospital Limited - Crest Hospital,No change,14-9-2025,The DAA Group Limited,Crest Hospital Limited,,21 Carroll Street,,Palmerston North,4410,PO Box 442,,Palmerston North,4440,,
Endoscopy Auckland,NGO Hospital,Surgical,10,http://www.laparoscopyak.co.nz,,148 Gillies Avenue,Epsom,Auckland,1023,Auckland District Health Board,Endoscopy Auckland Limited - Endoscopy Auckland,36,15-2-2026,BSI Group New Zealand Ltd,Endoscopy Auckland Limited,,148 Gillies Avenue,,Auckland,1023,,,,,,
Bowen Hospital,NGO Hospital,"Surgical, Medical",21,,,98 Churchill Drive,Crofton Downs,Wellington,6035,Capital and Coast District Health Board,Evolution Healthcare NZ Limited - Bowen Hospital,No change,24-5-2026,The DAA Group Limited,Evolution Healthcare NZ Limited,,30 Florence Street,,Wellington,6021,Private Bag 7909,,Wellington,6242,,
Royston Hospital,NGO Hospital,"Surgical, Medical",33,,,500 Southland Road,,Hastings,4122,Hawke's Bay District Health Board,Evolution Healthcare NZ Limited - Royston Hospital,36,10-7-2026,The DAA Group Limited,Evolution Healthcare NZ Limited,,30 Florence Street,,Wellington,6021,Private Bag 7909,,Wellington,6242,,
Wakefield Hospital,NGO Hospital,"Medical, Surgical",47,,Wakefield Hospital,99 Rintoul Street,Berhampore,Wellington,6021,Capital and Coast District Health Board,Evolution Healthcare NZ Limited - Wakefield Hospital,36,27-5-2028,The DAA Group Limited,Evolution Healthcare NZ Limited,,30 Florence Street,,Wellington,6021,Private Bag 7909,,Wellington,6242,,
Grace Hospital,NGO Hospital,Surgical,51,,,281 Cheyne Road,Pyes Pa,Tauranga,3112,Bay of Plenty District Health Board,Evolution Southern Cross Limited - Grace Hospital,48,23-3-2029,The DAA Group Limited,Evolution Southern Cross Limited,,281 Cheyne Road,,Tauranga,3112,PO Box 2320,,Tauranga 3140,3140,,
Forté Health Hospital,NGO Hospital,Surgical,30,,Forte Health,132 Peterborough Street,Christchurch Central,Christchurch,8013,Canterbury District Health Board,Forté Health Limited - Forté Health Hospital,No change,12-1-2026,The DAA Group Limited,Forté Health Limited,,132 Peterborough Street,,Christchurch,8140,PO Box 1006,,Christchurch,8140,,
Franklin Private Hospital,NGO Hospital,Surgical,15,https://www.Franklinhospital.co.nz,level 1,12 Glasgow Road,,Pukekohe,2120,Counties Manukau District Health Board,Franklin Private Hospital Limited - Franklin Private Hospital,36,8-8-2028,The DAA Group Limited,Franklin Private Hospital Limited,,12 Glasgow Road,,Pukekohe,2120,PO Box 428,,Pukekohe,2340,,
Gore Health Limited,NGO Hospital,"Maternity, Medical",20,,,9 Birch Lane,,Gore,9710,Southern District Health Board,Gore Health Limited - Gore Health Limited,No change,15-9-2025,Central Region's Technical Advisory Services Limited,Gore Health Limited,,9 Birch Lane,,Gore,9710,PO Box 274,,Gore,9740,,
Harbour Hospice North Shore,NGO Hospital,Medical,15,,In patient unit,7 Shea Terrace,Takapuna,Auckland,0622,Waitemata District Health Board,Harbour Hospice Trust - Harbour Hospice North Shore,36,2-9-2025,Central Region's Technical Advisory Services Limited,Harbour Hospice Trust,,7 Shea Terrace,,Auckland,0622,PO Box 331129,,Auckland,0740,,
Hibiscus Hospice,NGO Hospital,Medical,6,,,2A John Dee Crescent,,Red Beach,0932,Waitemata District Health Board,Harbour Hospice Trust - Hibiscus Hospice,36,23-9-2027,Central Region's Technical Advisory Services Limited,Harbour Hospice Trust,,7 Shea Terrace,,Auckland,0622,PO Box 331129,,Auckland,0740,,
Helensville Birthing Centre,NGO Hospital,Maternity,5,,,53 Commercial Road,,Helensville,0800,Waitemata District Health Board,Helensville Birthing Centre Limited - Helensville Birthing Centre,48,6-12-2028,BSI Group New Zealand Ltd,Helensville Birthing Centre Limited,,53 Commercial Road,,Helensville,0800,PO Box 13,,Helensville,0840,,
Hospice Southland,NGO Hospital,Medical,8,https://www.hospicesouthland.org.nz,Gate 4,75 Kew Road,Kew,Invercargill,9812,Southern District Health Board,Hospice Southland Charitable Trust - Hospice Southland,No change,6-12-2025,Central Region's Technical Advisory Services Limited,Hospice Southland Charitable Trust,,75 Kew Road,,Invercargill,9812,PO Box 7020,,Invercargill,9844,,
Te Rangimarie Hospice,NGO Hospital,Medical,5,,,5 David Street,Westown,New Plymouth,4310,Taranaki District Health Board,Hospice Taranaki Incorporated - Te Rangimarie Hospice,48,10-7-2029,Central Region's Technical Advisory Services Limited,Hospice Taranaki Incorporated,,5 David Street,,New Plymouth,4310,PO Box 5122,,New Plymouth,4343,,
Hospice Whanganui,NGO Hospital,Medical,5,,,78 Virginia Road,Otamatea,Whanganui,4500,Whanganui District Health Board,Hospice Whanganui - Hospice Whanganui,36,22-9-2027,The DAA Group Limited,Hospice Whanganui,,78 Virginia Road,,Wanganui,4500,PO Box 4284,,Wanganui,4541,,
Kakariki Hospital Limited,NGO Hospital,Surgical,20,https://www.kakarikihospital.co.nz/,"Floors 2,3 & 4",9 Marewa Road,Greenlane,Auckland,1051,Auckland District Health Board,Kakariki Hospital Limited - Kakariki Hospital Limited,36,25-3-2028,The DAA Group Limited,Kakariki Hospital Limited,,9-15 Marewa Road,,Auckland,1051,27 Gillies Avenue Level 6,,Auckland,1023,https://www.kakarikihospital.co.nz/,
Kaweka Hospital,NGO Hospital,"Medical, Surgical",31,https://www.kawekahealth.nz/,,209 Canning Road,Camberley,Hastings,4120,Hawke's Bay District Health Board,Kaweka Health Limited - Kaweka Hospital,No change,12-7-2026,The DAA Group Limited,Kaweka Health Limited,,209 Canning Road,,Hastings,4120,PO Box 243,,Hastings,4156,https://www.kawekahealth.nz/,
Kensington Hospital,NGO Hospital,Surgical,21,http://www.kensingtonhospital.co.nz/,,12 Kensington Avenue,Kensington,Whangarei,0112,Northland District Health Board,Kensington Hospital Limited - Kensington Hospital,36,23-6-2028,BSI Group New Zealand Ltd,Kensington Hospital Limited,,12 Kensington Avenue,,Whangarei,0112,PO Box 8122,,Whangarei,0145,,
MacMurray Centre,NGO Hospital,Surgical,4,https://macmurray.co.nz,,3 MacMurray Road,Remuera,Auckland,1050,Auckland District Health Board,MacMurray Institute Limited - MacMurray Centre,36,20-8-2028,BSI Group New Zealand Ltd,MacMurray Institute Limited,,3 MacMurray Road,,Auckland,1050,3 MacMurray Road,,Auckland,1050,https://www.macmurray.co.nz,
Manuka Street Hospital,NGO Hospital,Surgical,22,,,36 Manuka Street,,Nelson,7010,Nelson Marlborough District Health Board,Manuka Street Hospital Limited - Manuka Street Hospital,48,14-9-2029,The DAA Group Limited,Manuka Street Hospital Limited,,36 Manuka Street,,Nelson,7010,,,,,,
Hospice Marlborough,NGO Hospital,Medical,4,,"Gate 2, Wairau Hospital",Hospital Road,,Blenheim,7201,Nelson Marlborough District Health Board,Marlborough Hospice Trust - Hospice Marlborough,36,9-11-2027,BSI Group New Zealand Ltd,Marlborough Hospice Trust,"Gate 2, Wairau Hospital",Hospital Road,,Blenheim,7201,PO Box 411,,Blenheim,7240,,
Mercy Hospice,NGO Hospital,Medical,13,,,61 College Hill,Freemans Bay,Auckland,1011,Auckland District Health Board,Mercy Hospice Auckland Limited - Mercy Hospice,48,30-9-2028,The DAA Group Limited,Mercy Hospice Auckland Limited,,61 College Hill,,Auckland,1011,PO Box 47693,,Auckland,1144,,
Mercy Hospital,NGO Hospital,Surgical,83,,,72 Newington Avenue,Maori Hill,Dunedin,9010,Southern District Health Board,Mercy Hospital Dunedin Limited - Mercy Hospital,No change,27-9-2025,The DAA Group Limited,Mercy Hospital Dunedin Limited,,72 Newington Avenue,,Dunedin,9010,Private Bag 1919,,Dunedin,9054,,
Nelson Tasman Hospice,NGO Hospital,Medical,10,,,331 Suffolk Road,Stoke,Nelson,7011,Nelson Marlborough District Health Board,Nelson Tasman Region Hospice Trust - Nelson Tasman Hospice,36,6-7-2028,BSI Group New Zealand Ltd,Nelson Tasman Region Hospice Trust,,46 Manuka Street,,Nelson,7010,PO Box 283,,Nelson,7040,,
North Haven Hospice,NGO Hospital,Medical,8,,,24a Takahe Street,Tikipunga,Whangarei,0112,Northland District Health Board,North Haven Hospice Society Incorporated - North Haven Hospice,48,3-10-2028,The DAA Group Limited,North Haven Hospice Society Incorporated,,24A Takahe Street,,Whangarei,0112,PO Box 7050,,Whangarei,0144,,
Nurse Maude Hospice,NGO Hospital,Medical,11,http://www.nursemaude.org.nz/,,15 Mansfield Avenue,St Albans,Christchurch,8014,Canterbury District Health Board,Nurse Maude Association - Nurse Maude Hospice,No change,17-1-2027,The DAA Group Limited,Nurse Maude Association,,24 McDougall Avenue,,Christchurch,8014,PO Box 36126,,Christchurch,8146,,
Ormiston Surgical & Endoscopy,NGO Hospital,"Surgical, Medical",45,,,125 Ormiston Road,Flat Bush,Auckland,2016,Counties Manukau District Health Board,Ormiston Surgical & Endoscopy Limited - Ormiston Surgical & Endoscopy,No change,18-11-2026,The DAA Group Limited,Ormiston Surgical & Endoscopy Limited,,125 Ormiston Road,,Auckland,2016,PO Box 38921,,Auckland,2145,,
Otago Community Hospice,NGO Hospital,Medical,9,,,293 North Road,North East Valley,Dunedin,9010,Southern District Health Board,Otago Community Hospice Trust - Otago Community Hospice,48,21-7-2029,BSI Group New Zealand Ltd,Otago Community Hospice Trust,,293 North Road,,Dunedin,9010,PO Box 8002,,Dunedin,9041,,
Quay Park Surgical Ltd,NGO Hospital,Surgical,4,,Floor 2,68 Beach Road,Auckland Central,Auckland,1010,Auckland District Health Board,Quay Park Surgical Limited - Quay Park Surgical Ltd,36,17-6-2027,The DAA Group Limited,Quay Park Surgical Limited,,68 Beach Road,,Auckland,1010,31 Scanlan Street,,Auckland,1021,,
Remuera Surgical Care,NGO Hospital,Surgical,4,http://www.remuerasurgical.co.nz/,"Level 2, OneHealth Building",122 Remuera Road,Remuera,Auckland,1050,Auckland District Health Board,Remuera Surgical Care Limited - Remuera Surgical Care,36,16-9-2027,The DAA Group Limited,Remuera Surgical Care Limited,"Level 2, OneHealth Building",122 Remuera Road,,Auckland,1050,PO Box 99051,,Auckland,1049,,
River Ridge East Birth Centre,NGO Hospital,Maternity,20,,,35 Von Tempsky Street,Hamilton East,Hamilton,3216,Waikato District Health Board,River Ridge (East) Birth Centre Limited - River Ridge East Birth Centre,No change,18-12-2026,HealthShare Limited,River Ridge (East) Birth Centre Limited,,35 Von Tempsky Street,,Hamilton,3216,PO Box 4056,,Hamilton,3247,,
Warkworth Birthing Centre,NGO Hospital,Maternity,13,,,56 View Road,,Warkworth,0910,Waitemata District Health Board,Rodney Coast Midwives 2020 Ltd - Warkworth Birthing Centre,36,28-2-2027,BSI Group New Zealand Ltd,Rodney Coast Midwives 2020 Ltd,,56 View Road,,Warkworth,0910,56 View Road,,Warkworth,0910,,
Selina Sutherland Hospital,NGO Hospital,Surgical,10,,,17 Blair Street,Lansdowne,Masterton,5810,Wairarapa District Health Board,Selina Sutherland Hospital Limited - Selina Sutherland Hospital,36,12-2-2027,The DAA Group Limited,Selina Sutherland Hospital Limited,,17 Blair Street,,Masterton,5810,,,,,,
Hospice South Canterbury,NGO Hospital,Medical,7,,,55 Broadway Avenue,Highfield,Timaru,7910,South Canterbury District Health Board,South Canterbury Hospice Incorporated - Hospice South Canterbury,No change,30-3-2027,BSI Group New Zealand Ltd,South Canterbury Hospice Incorporated,,55 Broadway Avenue,,Timaru,7910,PO Box 4007,,Timaru,7942,,
Southern Cross Central Lakes Hospital,NGO Hospital,Surgical,13,https://healthcare.southerncross.co.nz/,,7 Twelfth Avenue,Lake Hayes,Queenstown,9304,Southern District Health Board,Southern Cross CLT Limited - Southern Cross Central Lakes Hospital,No change,26-1-2026,The DAA Group Limited,Southern Cross CLT Limited,,7 Twelfth Avenue,,Queenstown,9304,7 Twelfth Avenue,,Queenstown,9304,,
Auckland Surgical Centre,NGO Hospital,Surgical,17,,,9 St Marks Road,Remuera,Auckland,1050,Auckland District Health Board,Southern Cross Healthcare Limited - Auckland Surgical Centre,48,10-8-2028,The DAA Group Limited,Southern Cross Healthcare Limited,AMP Centre,"Floor 10, 29 Customs Street West",,Auckland,1010,PO Box 5341,,Auckland,1141,,
Gillies Hospital,NGO Hospital,"Surgical, Medical",20,,,160 Gillies Avenue,Epsom,Auckland,1023,Auckland District Health Board,Southern Cross Healthcare Limited - Gillies Hospital,48,6-4-2029,The DAA Group Limited,Southern Cross Healthcare Limited,AMP Centre,"Floor 10, 29 Customs Street West",,Auckland,1010,PO Box 5341,,Auckland,1141,,
Southern Cross Hospital Brightside,NGO Hospital,"Surgical, Medical",43,,,3 Brightside Road,Epsom,Auckland,1023,Auckland District Health Board,Southern Cross Healthcare Limited - Southern Cross Hospital Brightside,48,22-5-2027,The DAA Group Limited,Southern Cross Healthcare Limited,AMP Centre,"Floor 10, 29 Customs Street West",,Auckland,1010,PO Box 5341,,Auckland,1141,,
Southern Cross Hospital Christchurch,NGO Hospital,"Surgical, Medical",86,,,131 Bealey Avenue,Christchurch Central,Christchurch,8013,Canterbury District Health Board,Southern Cross Healthcare Limited - Southern Cross Hospital Christchurch,36,5-4-2026,The DAA Group Limited,Southern Cross Healthcare Limited,AMP Centre,"Floor 10, 29 Customs Street West",,Auckland,1010,PO Box 5341,,Auckland,1141,,
Southern Cross Hospital Hamilton,NGO Hospital,"Medical, Surgical",50,http://www.southerncrosshospitals.co.nz,,21 Puutikitiki Street,Hamilton East,Hamilton,3216,Waikato District Health Board,Southern Cross Healthcare Limited - Southern Cross Hospital Hamilton,No change,2-6-2026,The DAA Group Limited,Southern Cross Healthcare Limited,AMP Centre,"Floor 10, 29 Customs Street West",,Auckland,1010,PO Box 5341,,Auckland,1141,,
Southern Cross Hospital Invercargill,NGO Hospital,"Surgical, Medical",26,https://www.southerncrosshospitals.co.nz,Single level Hospital,108 Deveron Street,,Invercargill,9810,Southern District Health Board,Southern Cross Healthcare Limited - Southern Cross Hospital Invercargill,48,2-6-2029,The DAA Group Limited,Southern Cross Healthcare Limited,AMP Centre,"Floor 10, 29 Customs Street West",,Auckland,1010,PO Box 5341,,Auckland,1141,,
Southern Cross Hospital New Plymouth,NGO Hospital,"Surgical, Medical",39,,,205 St Aubyn Street,,New Plymouth,4310,Taranaki District Health Board,Southern Cross Healthcare Limited - Southern Cross Hospital New Plymouth,48,1-6-2029,The DAA Group Limited,Southern Cross Healthcare Limited,AMP Centre,"Floor 10, 29 Customs Street West",,Auckland,1010,PO Box 5341,,Auckland,1141,,
Southern Cross Hospital North Harbour,NGO Hospital,"Surgical, Medical",70,,,232 Wairau Road,Wairau Valley,Auckland,0627,Waitemata District Health Board,Southern Cross Healthcare Limited - Southern Cross Hospital North Harbour,48,29-5-2026,The DAA Group Limited,Southern Cross Healthcare Limited,AMP Centre,"Floor 10, 29 Customs Street West",,Auckland,1010,PO Box 5341,,Auckland,1141,,
Southern Cross Hospital Rotorua,NGO Hospital,"Medical, Surgical",22,,,58 Otonga Road,Springfield,Rotorua,2015,Lakes District Health Board,Southern Cross Healthcare Limited - Southern Cross Hospital Rotorua,36,5-6-2028,The DAA Group Limited,Southern Cross Healthcare Limited,AMP Centre,"Floor 10, 29 Customs Street West",,Auckland,1010,PO Box 5341,,Auckland,1141,,
Southern Cross Hospital Wellington,NGO Hospital,Surgical,37,,,90 Hanson Street,Newtown,Wellington,6021,Capital and Coast District Health Board,Southern Cross Hospitals Limited - Wellington,No change,23-5-2026,The DAA Group Limited,Southern Cross Healthcare Limited,AMP Centre,"Floor 10, 29 Customs Street West",,Auckland,1010,PO Box 5341,,Auckland,1141,,
St George's Hospital,NGO Hospital,"Maternity, Surgical",115,http://www.stgeorges.org.nz/,,249 Papanui Road,Strowan,Christchurch,8014,Canterbury District Health Board,St George's Hospital Incorporated - St George's Hospital,No change,8-9-2025,The DAA Group Limited,St George's Hospital Incorporated,,249 Papanui Road,,Christchurch,8014,Private Bag 4737,,Christchurch,8140,,
St Marks Road Surgical Centre,NGO Hospital,Surgical,4,,,3 St Marks Road,Remuera,Auckland,1050,Auckland District Health Board,St Marks Surgical Centre Limited - St Marks Road Surgical Centre,36,25-6-2028,The DAA Group Limited,St Marks Surgical Centre Limited,St Marks Road Surgical Centre,3 St Marks Road,,Auckland,1050,PO Box 109149,,Auckland,1149,,
Dannevirke Community Hospital,NGO Hospital,"Maternity, Medical",11,,,26 Barraud Street,,Dannevirke,4930,MidCentral District Health Board,Tararua Health Group Limited - Dannevirke Community Hospital,No change,15-8-2026,BSI Group New Zealand Ltd,Tararua Health Group Limited,,Barraud Street,,Dannevirke,4930,PO Box 275,,Dannevirke,4942,,
Te Awamutu Birthing,NGO Hospital,Maternity,7,,,15/670 Cambridge Road,,Te Awamutu,3800,Waikato District Health Board,Te Awamutu Birthing Limited - Te Awamutu Birthing,48,2-9-2029,The DAA Group Limited,Te Awamutu Birthing Limited,,389 KihiKihi Road,,Te Awamutu,3800,15/670 Cambridge Road,,Te Awamutu,3800,,
Te Omanga Hospice,NGO Hospital,Medical,8,,,136 Woburn Road,Woburn,Lower Hutt,5010,Hutt Valley District Health Board,Te Omanga Hospice Trust - Te Omanga Hospice,36,11-9-2027,The DAA Group Limited,Te Omanga Hospice Trust,,136 Woburn Road,,Lower Hutt,5010,PO Box 30814,,Lower Hutt,5040,,
Waiorua - He Tawharau,NGO Hospital,Mental health,6,https://ttoh.iwi.nz/,,307 Omahu Road,Frimley,Hastings,4120,Hawke's Bay District Health Board,Te Taiwhenua o Heretaunga Trust - Waiorua - He Tawharau,12,28-7-2026,The DAA Group Limited,Te Taiwhenua o Heretaunga Trust,Waiorua Crisis Respite - He Tāwharau,821 Orchard Road,,Hastings,4120,PO Box 718,,Hastings,4156,https://ttoh.iwi.nz/,
Allevia Hospital Ascot,NGO Hospital,"Medical, Surgical",97,http://www.mercyascot.co.nz/,,90 Green Lane East,Remuera,Auckland,1051,Auckland District Health Board,The Ascot Hospital and Clinics Limited - Allevia Hospitals,36,3-7-2028,The DAA Group Limited,The Ascot Hospital & Clinics Limited,,98 Mountain Road,,Auckland,1023,PO Box 9911,,Auckland,1149,,
Allevia Hospital Epsom,NGO Hospital,"Surgical, Medical",118,http://www.mercyascot.co.nz/,,98 Mountain Road,Epsom,Auckland,1023,Auckland District Health Board,The Ascot Hospital and Clinics Limited - Allevia Hospitals,36,3-7-2028,The DAA Group Limited,The Ascot Hospital & Clinics Limited,,98 Mountain Road,,Auckland,1023,PO Box 9911,,Auckland,1149,,
Chelsea Hospital Trust,NGO Hospital,"Surgical, Medical",16,,,189 Cobden Street,,Gisborne,4010,Tairawhiti District Health Board,The Chelsea Hospital Trust Board - Chelsea Hospital Trust,No change,7-5-2026,The DAA Group Limited,The Chelsea Hospital Trust Board,,189 Cobden Street,,Gisborne,4010,,,,,,
Churchill Private Hospital,NGO Hospital,Surgical,9,http://www.churchillhospital.co.nz,,30 Hospital Road,Witherlea,Blenheim,7201,Nelson Marlborough District Health Board,The Churchill Private Hospital Trust - Churchill Private Hospital,36,18-5-2028,The DAA Group Limited,The Churchill Private Hospital Trust,Gate 2,30 Hospital Road,,Blenheim,7201,PO Box 351,,Blenheim,7240,,
The Cranford Hospice Trust,NGO Hospital,Medical,8,http://www.cranfordhospice.org.nz/cranford/index.htm,,300 Knight Street,,Hastings,4122,Hawke's Bay District Health Board,The Cranford Hospice Trust - The Cranford Hospice,No change,22-11-2026,The DAA Group Limited,The Cranford Hospice Trust,,300 Knight Street,,Hastings,4122,PO Box 189,,Hastings,4156,http://www.cranfordhospice.org.nz/cranford/index.htm,
Mary Potter Hospice,NGO Hospital,Medical,18,,,48 Mein Street,Newtown,Wellington,6021,Capital and Coast District Health Board,The Mary Potter Hospice Foundation - Mary Potter Hospice,No change,22-3-2026,The DAA Group Limited,The Mary Potter Hospice Foundation,,48 Mein Street,,Wellington,6021,PO Box 7442,,Wellington,6242,,
Totara Hospice,NGO Hospital,Medical,18,,,140 Charles Prevost Drive,The Gardens,Auckland,2105,Counties Manukau District Health Board,Totara Hospice - Totara Hospice,48,2-11-2027,The DAA Group Limited,Totara Hospice,Totara House,140 Charles Prevost Drive,,Auckland,2243,PO Box 75560,,Auckland,2243,,
Nga Hau Birthing Centre,NGO Hospital,Maternity,20,,,14 Waddon Place,Mangere,Auckland,2022,Counties Manukau District Health Board,Turuki Health Care Limited - Nga Hau Birthing Centre,12,19-3-2026,The DAA Group Limited,Turuki Health Care Limited,,2/32 Canning Crescent,,Auckland,2022,PO Box 43002,,Auckland,2153,,
Hospice Waikato,NGO Hospital,Medical,12,,,334 Cobham Drive,Hillcrest,Hamilton,3216,Waikato District Health Board,Waikato Community Hospice Trust - Hospice Waikato,36,5-3-2027,The DAA Group Limited,Waikato Community Hospice Trust,,334 Cobham Drive,,Hamilton,3216,PO Box 325,,Hamilton,3240,,
Waipuna Hospice,NGO Hospital,Medical,6,,,43 Te Puna Station Road,RD 6,Tauranga,3176,Bay of Plenty District Health Board,Waipuna Hospice Incorporated - Waipuna Hospice,No change,22-9-2026,The DAA Group Limited,Waipuna Hospice Incorporated,,43 Te Puna Station Road,,Tauranga,3176,,,,,,
Waterford Birth Centre,NGO Hospital,Maternity,10,https://www.waterfordbc.co.nz/,,27 Tisdall Terrace,Hamilton Central,Hamilton,3204,Waikato District Health Board,Waterford Birth Centre 2002 Limited - Waterford Birth Centre,36,1-8-2028,HealthShare Limited,Waterford Birth Centre 2002 Limited,,27 Tisdall Terrace,,Hamilton,3204,27 Tisdall Terrace,,Hamilton,3204,,
